ID,titles
Q10209536,官山岛 (岱山)
Q1027661,Gospin Otok
Q1027661,Gospin Otok
Q1027661,Gospin-sziget
Q1027661,Gospin Otok
Q10293051,Guriri
Q10293051,Гурири
Q10301055,Ilha Bora-Bora
Q10301065,Isla Grande (Brasil)
Q10301065,Ilha Grande (Santa Catarina)
Q10301070,Isla Guaraqueçaba
Q10301070,Ilha Guaraqueçaba
Q10301073,Category:Ilha Mandigituba
Q10301073,Isla Mandijituba
Q10301073,Ilha Mandijituba
Q10301080,Isla Quemadas
Q10301080,Ilha Queimadas
Q10301110,Isla Murta
Q10301110,Ilha da Murta
Q10301115,Ilha da Vaca
Q10301116,Ilha das Andorinhas (Lagoa Mundaú)
Q10301126,Isla Flores (Brasil)
Q10301126,Ilha das Flores (Santa Catarina)
Q10301136,Ilha de Cabanas
Q10301154,Île de Maiandeua
Q10301154,Ilha de Maiandeua
Q10301154,Algodoal
Q10301161,Ilha de Santa Marta
Q10301162,Ilha de Santa Rita
Q10301163,Ilha de Maritaca
Q10301174,Ilha do Coqueiro Só
Q10301176,Ilha do Almirante
Q10301178,Isla Baiacú
Q10301178,Ilha do Baiacu
Q10301179,Isla de Batuta
Q10301179,Ilha do Batuta
Q10301192,Ilha do Coral
Q10301199,Ilha do Fogo (Lagoa Mundaú)
Q10301200,Category:Ilha do Frade (Vitória)
Q10301200,Ilha do Frade (Vitória)
Q10301205,Ilha do Irineu
Q10301208,Isla Maracuyá
Q10301208,Ilha do Maracujá
Q10301210,Isla del Macuco
Q10301210,Ilha do Macuco
Q10301211,Ilha do Medo (Maranhão)
Q10301211,Ilha do Medo (Maranhão)
Q10301226,Ilha do Saí
Q10301234,Isla Araújos de Adentro
Q10301234,Ilha dos Araújos de Dentro
Q10301235,Isla Araújos del Medio
Q10301235,Ilha dos Araújos do Meio
Q10301236,Isla Araújos de Afuera
Q10301236,Ilha dos Araújos de Fora
Q10301241,Isla Herederos
Q10301241,Ilha dos Herdeiros
Q10301244,Isla Los Negros
Q10301244,Ilha dos Negros
Q10301246,Isola dei Pinheiros
Q10301246,Ilha dos Pinheiros
Q10301268,Îles Moleques do Sul
Q10301268,Ilhas Moleques do Sul
Q10301285,Ilha das Cabras (lagoa Mundaú)
Q10301326,Isleta de São Jorge
Q10301326,Ilhéu de São Jorge
Q10301326,Îlot de São Jorge
Q10301326,Ilhéu de São Jorge
Q10301329,Isleta do Gorgulho
Q10301329,Ilhéu do Gorgulho
Q10301329,Îlot de Gorgulho
Q10301329,Ilhéu do Gorgulho
Q10332742,Mouchão de Alhandra
Q10332742,Mouchão de Alhandra
Q10403167,Aggarön
Q10403167,Aggarön
Q10403877,Aisarn
Q10418319,"Arnön (pulo sa Sweden, Uppsala, lat 59,50, long 17,18)"
Q10418319,"Arnö, Enköpings kommun"
Q10423736,Axelsö
Q10423736,Axelsö
Q10430645,"Björkö (pulo sa Kapupud-ang Aland, lat 60,33, long 20,92)"
Q10430645,"Björkö (Kumlinge, Åland)"
Q10430654,Björkö skärgård
Q10430657,"Björkön (pulo sa Sweden, Örebro Län)"
Q10430657,"Björkön, Hjälmaren"
Q10434075,"Boön (pulo sa Sweden, Blekinge)"
Q10434075,Boön
Q10434669,Bramsön
Q10434669,Bramsön
Q10436261,Brudsund
Q10467706,Degersand
Q10474855,"Djupskäret (pulo sa Finland, lat 63,16, long 21,39)"
Q10474855,"Djupskäret, Vasa"
Q10480829,"Ekö, Hangö"
Q10480830,"Ekö (pulo sa Sweden, Kalmar, lat 57,40, long 16,65)"
Q10480830,Category:Ekö
Q10480830,"Ekö, Oskarshamns kommun"
Q10481070,Elba (pulo sa Sweden)
Q10481070,Elba (Mälaren)
Q10493597,"Fagerön (pulo sa Suwesya, Stockholm)"
Q10493597,"Fagerön, Håbo kommun"
Q10496370,"Flatgrundet, Skellefteå"
Q10496371,"Flatholmen (pulo sa Sweden, Västra Götalands Län, lat 57,97, long 11,52)"
Q10496371,"Flatholmen, Tjörns kommun"
Q10496553,Flatön (pulo sa Suwesya)
Q10496553,Flatön
Q10497220,Fläskön
Q10497220,Fläskön
Q10501002,Fångö
Q10501002,Fångö
Q10510026,Gröneborg
Q10510085,"Grönsö (pulo sa Sweden, Östergötlands Län)"
Q10510085,"Grönsö, Gryts skärgård"
Q10512576,Gåshällan (pulo sa Finland)
Q10512576,Gåshällan
Q10518660,Havsten (pulo)
Q10518660,Havsten
Q10531781,Härön (pulo sa Sweden)
Q10531781,Härön
Q10537335,Islote González (pulo sa Atacama)
Q10537335,Islote González
Q10537335,Islote González
Q10545415,Killingholmen
Q10545415,"Killingholmen, Dalarna"
Q10547971,Kopparfuruskär
Q10547971,Kopparfuruskär
Q10548012,Kopplorna
Q10548012,Kopplorna
Q10548555,Krankholmen
Q10551113,Kvimo
Q10552107,Kaukaluoto
Q10552107,Kaukaluoto
Q10552107,Köklot
Q10567000,Otočić Kopište
Q10567000,Kopište
Q10567000,Cazziol
Q10567000,Kopište
Q10567000,Копиште
Q10567000,Otočić Kopište
Q10570975,Lurö
Q10573015,"Lövön (pulo sa Sweden, Västra Götalands Län)"
Q10573015,"Lövön, Bohuslän"
Q10573363,Store Færder
Q10573363,Store Færder
Q10573363,Store Færder
Q10576249,"Malön (pulo sa Sweden, Västra Götalands Län)"
Q10576249,Malö
Q10601947,Nord-Hällsö
Q10601947,Nord-Hälsö
Q1060488,Razzoli
Q1060488,Razzoli
Q1060488,Razzoli
Q1060488,Razzoli
Q1060488,Razzoli
Q1060488,Razzoli
Q1060488,Razzoli
Q10605572,Nötholmen (Dalälven)
Q10605572,Nötholmen (ö i Dalälven)
Q10613720,"Oxskär (pulo sa Sweden, Västra Götalands Län)"
Q10613720,Oxskär
Q10647916,Påsalö
Q10654989,"Ridön (pulo sa Sweden, Stockholm)"
Q10654989,"Category:Ridön, Södertälje Municipality"
Q10654989,"Ridön, Södermanland"
Q10661285,"Sandön (pulo sa Finland, Varsinais-Suomi)"
Q10661285,Sandön (Dragsfjärd)
Q10661285,"Sandön, Dragsfjärd"
Q10661966,"Sarvisalo (pulo sa Finland, Uusimaa)"
Q10661966,Sarvsalö
Q10671012,Skärlandet
Q10671012,Skärlandet
Q10671012,Skärlandet
Q10672770,Snöan
Q10672770,Category:Snöan
Q10672770,Snöan
Q10681118,Stora Svangen
Q10681136,"Stora Varholmen (pulo sa Sweden, lat 57,70, long 11,71)"
Q10681136,Stora Varholmen
Q10699050,Tjärö
Q10699050,Tjärö
Q10700101,"Storgrund (pulo sa Finland, Pohjanmaa, lat 63,16, long 21,43)"
Q10707225,Tynnelsön
Q10707225,Tynnelsö (ö)
Q10712504,Valö (ö i Björkern)
Q10716313,"Vitgrund (pulo sa Sweden, Gävleborgs Län, lat 60,77, long 17,40)"
Q10716313,"Vitgrund, Gävle kommun"
Q10726958,Åsön
Q10747877,Ostrov Yeyskaya Kosa
Q10747877,Isla de la punta de Yeisk
Q10747877,Ейская коса (остров)
Q10747877,Єйська коса (острів)
Q10835273,Xà Đảo
Q10835273,蛇島 (中國)
Q10855760,北小島 (沖縄県石垣市久場島付近)
Q10855760,기타코 섬 (구바 섬 부근)
Q10855760,上虎牙岛
Q10866335,三河島 (天津市)
Q10866335,三河岛
Q10870787,东瑁洲
Q10873636,大襟島
Q10873636,大襟島
Q10908507,南港山 (温岭)
Q10911983,双帆石
Q10932265,Category:Waisanding Sand Bar
Q10932265,Paraplyön
Q10932265,外傘頂洲
Q10935910,大柑山
Q10936356,Dayang Shan (pulo)
Q10936356,Dayang Shan (ö)
Q10936356,大洋山
Q10936637,大澳島
Q10938625,"Dayu Shan (pulo sa Pangmasang Republika sa Tśina, Zhejiang Sheng, lat 30,32, long 121,96)"
Q10938625,"Dayu Shan (ö i Kina, Zhejiang, lat 30,32, long 121,96)"
Q10938625,大鱼山
Q10943616,姥山岛
Q10948350,官山岛 (苍南)
Q10950941,Siktesøya
Q10950941,Siktesøya
Q10951131,Bukkøya i Porsgrunn
Q10951131,Bukkøya
Q10951179,Kattøya
Q10951179,Kattøya
Q10951255,Oksøya
Q10951255,Oksøya
Q10951326,Rott
Q10951326,Rott
Q10951342,Tåtøy
Q10951342,Tåtøy
Q10951342,Tåtøy
Q10951574,Singløy
Q10951574,Singløy
Q10951576,Nordre Sandøy
Q10951576,Nordre Sandøy
Q10952668,Aursøya
Q10952668,Aursøyan
Q10952699,Bogøy
Q10952699,Bogøy
Q10952739,Stavøy
Q10952739,Stavøy
Q10952739,Stavøy
Q10952881,Geitøya
Q10952881,Geitøya
Q10953003,Måøy
Q10953003,Måøya
Q10953264,Inntian
Q10953264,Inntian
Q10954491,Rindarøy
Q10954491,Rindarøy
Q10954491,Rindarøy
Q10954736,Husøya i Ålesund
Q10954736,Husøya (Sandøy)
Q10954838,Sauøy
Q10954838,Sauøy
Q10955166,Uttian
Q10955166,Uttian
Q10957411,Burøya
Q10957411,Burøya (Karlsøy)
Q10973425,Bognøy
Q10973425,Bognøy
Q10973425,Bognøy
Q10997281,Vesterøy
Q10997281,Vesterøy
Q10997281,Вестерьой
Q11000712,Lesendro
Q11000712,Lesendro
Q11000712,Лесендро
Q11010912,Batalden
Q11010912,Batalden
Q11035640,Moyururi-tō
Q11035640,モユルリ島
Q11035640,모리유리섬
Q11035640,小鵜居島
Q11044862,Dåvøya
Q11044862,Dåvøya
Q11045777,Skorpa i Dønna
Q11045777,Skorpa (Dønna)
Q1106053,Verxoturov adası
Q1106053,Ostrov Verkhoturova
Q1106053,Île Verkhotourov
Q1106053,Isola Verchoturova
Q1106053,Verchotoerov
Q1106053,Остров Верхотурова
Q1106053,Острів Верхотурова
Q1106053,韋爾霍圖羅夫島
Q11062598,广鹿岛
Q1112650,Krestovski adası
Q1112650,Krestovskij (isole Medvež'i)
Q1112650,"Крестовский (остров, Якутия)"
Q1112650,Хрестовський острів
Q1112650,克列斯托夫島
Q1112677,Puşkaryov adası
Q1112677,Puškarëva
Q1112677,Остров Пушкарёва
Q1112677,Острів Пушкарьова
Q1112677,普什卡廖夫島
Q1112689,Andreeva
Q1112689,Остров Андреева
Q1112689,Острів Андреєва
Q1112689,安德烈耶夫島
Q1112709,Çetıryoxstolbovoy (ada)
Q1112709,Četyrëchstolbovoj
Q1112709,Четырёхстолбовой
Q1112709,Чотирьохстовповий острів
Q1112709,四標桿島
Q1112718,Leontev adası
Q1112718,Leont'eva
Q1112718,Остров Леонтьева
Q1112718,Острів Леонтьєва
Q1112718,列昂季耶夫島
Q1112725,Lısov adası
Q1112725,Lysova
Q1112725,Остров Лысова
Q1112725,Острів Лисова
Q1112725,雷索夫島
Q11133800,Jiangnan Shan (pulo)
Q11133800,Jiangnan Shan (ö)
Q11133800,江南山
Q11161986,Flatsetøya
Q11161986,Flatsetøya
Q1116638,Sikora adası
Q1116638,Sýkorův ostrov
Q1116638,シコラ島
Q1116638,Сикора (остров)
Q1116638,Сикора (острів)
Q1116638,西科拉島
Q11183089,Lauvøya i Dønna
Q11183089,Lauvøya (Dønna)
Q11215859,Kjøkøya
Q11215859,Kjøkøy
Q11215859,Kjøkøy
Q11216935,Rauøy
Q11216935,Rauer
Q11216966,Ildjernet
Q11216966,Ildjernet
Q11216966,Ildjernet
Q11217017,"Bjerkøya (pulo sa Noruwega, Akershus fylke)"
Q11217017,Bjerkøya i Asker
Q11217017,Bjerkøya naturminne
Q11217432,Barneskjær
Q11217432,Barneskjær
Q11217432,Barneskjær
Q11217729,Hudø
Q11217729,Hui
Q11217729,Hui (Færder)
Q11217943,Einevarden
Q11217943,Einevarden
Q11218222,Gåsvær i Tromsø
Q11218222,Gåsvær (Tromsø)
Q11218435,Andammen
Q11218435,Andammen
Q11218435,Andammen
Q11218477,Grøtøya
Q11218477,Grøtøya (Karlsøy)
Q11218484,Hersøya
Q11218484,Hersøya (Karlsøy)
Q11218548,Årøya i Lyngen
Q11218548,Årøya (Lyngen)
Q11218571,Store Haukøya
Q11218571,Haukøya (Skjervøy)
Q11218743,Angstauren
Q11218743,Angstauren
Q11218758,Ørja
Q11218758,Ørja
Q11218961,Meløya i Øksnes
Q11218961,Meløya (Øksnes)
Q11219010,Gisløya
Q11219010,Gisløya
Q11219061,Hellesøy
Q11219061,Hellesøy i Øygarden
Q11219061,Hellesøy (Øygarden)
Q11219061,Hellesøyna
Q11219138,Røssvassholmen
Q11219138,Røssvassholmen
Q11219175,Gaukværøya
Q11219175,Gaukværøya
Q11219242,Bleiksøya
Q11219242,Bleiksøya
Q11219306,Kjeøya i Harstad
Q11219306,Kjeøya (Harstad)
Q11219344,Lemmingvær
Q11219344,Lemmingvær
Q11219659,Forøya i Kvæfjord
Q11219659,Forøya (Kvæfjord)
Q11219724,Nøklan
Q11219724,Nøklan
Q11219759,Stor-Arnøya
Q11219759,Stor-Arnøya
Q11219769,Jerkholmen
Q11219769,Jerkholmen
Q11219769,Jerkholmen
Q11219853,Langøy i Farsund
Q11219853,Langøy (Farsund)
Q11219902,Gismerøya
Q11219902,Gismerøya
Q11220609,Roaldsøy
Q11220609,Roaldsøy
Q11220629,Romsa
Q11220629,Romsa
Q11220657,Tunsøy
Q11220657,Tunsøy
Q11220682,Syltøy
Q11220682,Syltøyna
Q11220698,Austre Åmøy
Q11220698,Austre Åmøy
Q11220698,Austre Åmøy
Q11220698,Austre Åmøy
Q11220698,Austre Åmøy
Q11220740,Langøy i Stavanger
Q11220740,Langøy (Stavanger)
Q11220759,Vestre Åmøy
Q11220759,Vestre Åmøy
Q11220759,Vestre Åmøy
Q11220811,Salvøy
Q11220811,Salvøy
Q11220896,Strøno
Q11220896,Strøno
Q11220960,Snilstveitøy
Q11220960,Snilstveitøy
Q11220960,Snilstveitøy
Q11220960,Snilstveitøy
Q11221093,Fisterøyane
Q11221093,Fisterøyene
Q11221142,Løno
Q11221142,Løno
Q11222463,"Otočić Mrtovnjak (pulo sa Krowatiya, Zadarska Županija)"
Q11222463,Mrtovnjak (Maćin Školj)
Q11222463,Dragoves
Q11222463,Mrtovnjak (Maćin Školj)
Q11222463,Мртовњак (Иж)
Q11222463,"Otočić Mrtovnjak (ö i Kroatien, Zadars län)"
Q11222940,Kvernøya
Q11222940,Kvernøya
Q11222962,Gudfjelløya
Q11222962,Gudfjelløya
Q11222982,Category:Kya (Frøya)
Q11222982,Kya i Frøya
Q11222982,Kya (Frøya)
Q11223243,Gjæsingen
Q11223243,Gjæsingen
Q11223491,Kvaløya i Sømna
Q11223491,Kvaløya (Sømna)
Q11223732,Seløya
Q11223732,Seløy (Herøy)
Q11223767,Øksninga
Q11223767,Øksninga
Q11224227,Innerstøtt
Q11224227,Innerstøtt
Q11224314,Vardøya i Herøy
Q11224314,Vardøya (Herøy)
Q11224443,Sørleksa
Q11224443,Sørleksa
Q11226325,Skorpa i Hyllestad
Q11226325,Skorpa (Hyllestad)
Q11227625,Halmøya
Q11227625,Halmøya
Q11227737,Rugsundøya
Q11227737,Rugsundøy
Q11227737,Rugsundøy
Q1122887,Qouen
Q1122887,Île Howen
Q1122887,Isola di Howen
Q1122887,Гоуэн
Q1122887,Говен (острів)
Q1122887,霍恩島
Q11229464,Husøya i Bjugn
Q11229464,Husøya (Bjugn)
Q11229693,Tannøya
Q11229693,Tannøya
Q11229823,Skogøya i Evenes
Q11229823,Skogøya (Evenes)
Q11234719,"Todo Shima (pulo sa Hapon, Hokkaidō, lat 45,45, long 142,17)"
Q11234719,海馬島 (猿払村)
Q11234719,도도섬 (사루후쓰촌)
Q11234719,海馬島 (猿拂村)
Q1123556,Sadatanak
Q1124396,Vollosoviç adası
Q1124396,Isola di Vollosovič
Q1124396,Остров Воллосовича
Q1124396,沃洛索維恰島
Q11245858,Põhja-Malusi
Q11245858,Category:Väike-Malusi
Q11245858,Põhja-Malusi
Q11245858,Väike-Malusi
Q11245858,Lilla Malö
Q11276631,ひょうたん島 (埼玉県)
Q11286923,北西小島
Q11286923,호쿠세이코 섬
Q11286923,海豚岛
Q11311056,Category:JEEP island
Q11311056,ジープ島
Q11336573,Akunnaap Nunaa
Q11336573,Akunnaap Nunaa
Q11353972,三つ子島
Q11360330,上野島
Q11362769,中の島 (千葉県)
Q11362799,中ノ島 (静岡県)
Q11369927,乙島
Q11370029,九十九島 (今治市)
Q11370104,Kushima (pulo)
Q11370104,Category:Kushima (Ehime)
Q11370104,九島
Q11376329,Category:Niemonjima
Q11376329,仁右衛門島
Q11385812,Hoto Jima
Q11385812,保戸島
Q11394726,円上島
Q11397119,Category:Mae Island (Aichi)
Q11397119,前島 (愛知県)
Q11402223,北東小島
Q11402223,호쿠토코 섬
Q11402223,下虎牙岛
Q11410659,取揚島
Q11415949,Muku Shima
Q11415949,向島 (佐賀県)
Q11415953,Mukae Shima
Q11415953,向島 (香川県)
Q11418533,唐島
Q11419162,Île du Massacre
Q11419386,嘉島 (宇和島市)
Q11419637,四十島
Q11424450,地無垢島
Q11424752,地黒島
Q11436454,大槌島
Q11443237,天神島
Q11447403,Hime-shima (pulo sa Hapon)
Q11447403,姫島 (愛知県田原市)
Q11459579,Koōge Jima
Q11459579,Category:Kōgeshima
Q11459579,小大下島
Q11459579,Koōge Jima
Q11459579,Category:Kōgeshima
Q11459579,小大下島
Q11460065,"Ko-jima (pulo sa Hapon, lat 34,13, long 132,98)"
Q11460065,小島 (愛媛県)
Q11464517,小黒島
Q11477129,崎戸島
Q11483492,Hera Shima
Q11483492,平羅島
Q11486910,"Benten-jima (pulo sa Hapon, lat 43,34, long 145,58)"
Q11486910,弁天島 (根室市)
Q11486910,벤텐섬 (네무로시)
Q11488768,御五神島
Q11489251,Oshaku Jima (pulo sa Hapon)
Q11489251,御積島
Q11490807,志々島
Q11491674,怪島
Q11495360,成ヶ島
Q11496323,戸島 (京都府)
Q11497087,手石島
Q11497519,折島
Q11504920,日出島
Q11516644,Category:Uryujima
Q11516644,有竜島
Q11530091,"Matsu Shima (pulo sa Hapon, Saga-ken)"
Q11530091,松島 (佐賀県)
Q11532746,Birō-jima (pulo sa Hapon)
Q11532746,枇榔島
Q11545996,Mushi Jima
Q11545996,武志島
Q11547731,毛島
Q11548193,水ノ子島
Q11548462,"Mizu Shima (pulo sa Hapon, Akita-ken)"
Q11548462,Category:Mizushima (Akita)
Q11548462,水島 (秋田県)
Q11550173,永浦島
Q11550173,나가우라섬
Q11550844,E Shima
Q11550844,江島 (島根県)
Q11556221,津波島
Q11559068,海獺島 (神奈川県)
Q11559418,"Todo Shima (pulo sa Hapon, Hokkaidō, lat 45,48, long 140,97)"
Q11559418,海驢島
Q11559418,도도섬 (레분정)
Q11559418,海驢島 (日本)
Q11559986,Fuka-shima
Q11559986,深島
Q11567245,"Eboshi Jima (pulo sa Hapon, Fukuoka-ken)"
Q11567245,烏帽子島 (福岡県)
Q11573823,琵琶島
Q11574179,Category:Hyoutanjima
Q11574179,瓢箪島
Q11574503,Category:Ikishima (Ako)
Q11574503,生島
Q11577548,由利島
Q11577742,Kabuto Shima (pulo sa Hapon)
Q11577742,甲島 (広島・山口)
Q11580862,Hyakkan Shima
Q11580862,百貫島 (愛媛県)
Q11598512,"Ha Shima (pulo sa Hapon, Yamaguchi-ken)"
Q11598512,端島 (山口県)
Q11603507,築島
Q11605347,納島
Q11610036,羽佐島
Q11616271,若宮島
Q11622569,"Aino Shima (pulo sa Hapon, Fukuoka-ken)"
Q11622569,"Category:Ainoshima, Kitakyushu"
Q11622569,藍島
Q11622569,아이노섬 (기타큐슈시)
Q11626891,裸島
Q11626891,裸島
Q11631382,詩島
Q11634353,象島
Q11636883,Ashi Jima
Q11636883,足島
Q11645453,Category:Nogutsunajima
Q11645453,野忽那島
Q11657263,阿値賀島
Q11661373,"Ao Shima (pulo sa Hapon, Nagasaki, lat 33,41, long 129,69)"
Q11661373,青島 (長崎県)
Q11667955,"Uma Shima (pulo sa Hapon, Ehime-ken)"
Q11667955,馬島 (愛媛県)
Q11674228,鮹岩
Q11675705,U Shima
Q11675705,鵜島 (今治市)
Q11675825,鶏小島
Q11678083,黒子島
Q11683784,Isla Guidoiro Pedregoso
Q11683784,Illa Guidoiro Pedregoso
Q11851946,Antidragonéra
Q11853659,Avgó (Kythera)
Q11856323,Dragonéra
Q11862420,Hermannit
Q11862533,Hietakalla
Q11862535,Hietakalla (Hiastinlahti)
Q11862536,Hietakari (Haukipudas)
Q11863467,Hiuvet
Q11863596,Honkaluoto
Q11863843,Hurissalo
Q11864105,Härkäletto
Q11864105,Härkäletto
Q11864105,Härkäletto
Q11865168,Iso-Huituri
Q11865168,Iso-Huituri
Q11865168,Iso-Huituri
Q11869529,Kammonkari
Q11869792,Kaparen
Q11869792,Kaparen
Q11869792,"Kaparen, Esbo"
Q11869854,Karhu (Ii)
Q11870808,Kello (saari)
Q11872341,Koni
Q11872622,Korkiakari (Oulu)
Q11874084,Käkisaari
Q11874455,Laitakari (Haukipudas)
Q11875301,"Lehmäsaari (pulo sa Finland, Kymenlaakso, Kotka-Hamina)"
Q11875301,Lehmäsaari
Q11875301,"Lehmäsaari (ö i Kymmenedalen, Kotka-Fredrikshamn)"
Q11875605,Leppäkari (Mietoinen)
Q11880694,"Malkasaari (pulo sa Finland, Uusimaa)"
Q11880694,Malkasaari
Q11880694,"Takvedaholmen, Helsingfors"
Q11881786,Мунатсулуото
Q11883382,Munakari (Eurajoki)
Q11883589,"Muukonsaari (pulo sa Finland, Etelä-Karjala)"
Q11883589,Muukonsaari
Q11883589,Muukonsaari
Q11883673,Myllysaari (Lahti)
Q11883817,Möyly (pulo)
Q11883817,Möyly
Q11883817,Möyly
Q11886388,Paimensaari
Q11886438,Pajukari (Tornio)
Q11886838,"Paskaletto (pulo sa Finland, Lappi, Kemi-Tornio)"
Q11886838,Paskaletto (Simo)
Q11886838,"Paskaletto (ö i Lappland, Kemi-Torneå)"
Q11887040,Pavlopétri (saari)
Q11887314,Pensaskari (Ii)
Q11887315,Pensaskari (Haukipudas)
Q11887318,Pensaskari (Tornio)
Q11888273,Pirttisaari (Simo)
Q11888729,Porosaari (Ranua)
Q11889023,Pulkkisenmatala
Q11889882,"Rajasaari (pulo sa Finland, Uusimaa, Helsinki, lat 60,18, long 24,90)"
Q11889882,Rajasaari
Q11889882,Rajasaari
Q11889882,"Råholmen, Helsingfors"
Q11890242,Rautakallio (Siikajoki)
Q11890244,Rautakallio (Kemi)
Q11891569,Ryöskärinkalla
Q11891569,Ryöskärinkalla
Q11891569,Ryöskärinkalla
Q11891792,Saapaskari (Simo)
Q11892907,Selkäletto (Ii)
Q11893402,Siilinkari
Q11893443,Sikalansaari
Q11894138,"Sorsasalo (pulo sa Finland, Southern Savonia)"
Q11894138,Sorsasalo (Savonlinna)
Q11894138,Sorsasalo (ö i Södra Savolax)
Q11896580,Tasku (saari)
Q11897090,Tevä
Q11897090,Tevä
Q11897090,Tevä
Q11898252,Torsö (Tammisaari)
Q11898293,Toukka (saari)
Q11899215,Täikkö
Q11899215,Täikkö
Q11899215,Täikkö
Q11899424,Ulkolaidanmatala
Q11899434,Ulkopauha (Raahe)
Q11902143,Väliletto
Q11902765,Ykskivi (Haukipudas)
Q11902770,Ykspisto
Q11903230,Äijänkumpele
Q11903230,Äijänkumpele
Q11903230,Äijänkumpele
Q11924850,القطعاية القبلية
Q11924850,Guetaïa el Gueblia
Q11924850,El Qetaya el Guéblïa
Q11926520,Illa de ses Bledes
Q11926520,"Islas Bledas (kapuloan sa Espanya, lat 40,07, long 4,03)"
Q11926520,"Islas Bledas (öar i Spanien, lat 40,07, long 4,03)"
Q11938300,Na Rodona
Q11938300,На-Редона
Q11951934,Tiquadra
Q11956999,Aga (île)
Q11956999,Aga på Bømlo
Q11956999,Aga (øy)
Q11961490,Bjørnøya (Tromsø)
Q11961572,Bliksøya
Q11962284,Brimse
Q11962284,Brimse
Q11962604,Burumøya
Q11965689,Dillingøya
Q11966935,Ekkilsøya
Q11966935,Ekkilsøy
Q11967014,Eldøya
Q11967558,Engesund
Q11967558,Engesund
Q11969307,Flåteskjær
Q11969743,Fosen (Karmøy)
Q11969743,Fosen i Karmøy
Q11969743,Fosen (Karmøy)
Q11971316,Fårnøtt
Q11971556,Gapøya
Q11971556,Category:Gapøya
Q11971556,Gapøya
Q11971556,Gapøya
Q11972167,Glasøya
Q11972296,Goddo
Q11972296,Goddo
Q11972296,Goddo
Q11972296,Goddo
Q11972585,Gressøya
Q11973723,Hallarøya på Smøla
Q11973723,Hallarøya
Q11974845,Helgøy i Ryfylke
Q11974845,Helgøy (Finnøy)
Q11975247,Hespriholmen
Q11975247,Category:Hespriholmen
Q11975247,Hespriholmen
Q11975247,Hespriholmen
Q11975247,Hespriholmen
Q11975371,Hille i Gulen
Q11975371,Hille (Gulen)
Q11975429,Hiskjo
Q11975429,Hiskjo
Q11975429,Hiskjo
Q11975429,Hiskjo
Q11975636,Holdøya
Q11975848,"Horsøyna (pulo sa Noruwega, Askøy)"
Q11975848,Horsøy
Q11975848,Horsøyna
Q11975848,Horsøy
Q11976158,Husbergøya
Q11976158,Husbergøya
Q11976194,Husøya (Kristiansund)
Q11980616,Killingholmen (Sande)
Q11981223,Kløvningen
Q11981500,Kommersøya
Q11982638,Kvennøya
Q11982638,Kvennøya
Q11983114,Landøy
Q11987063,Lutelandet
Q11987353,Løvøya (Horten)
Q11988472,Martaholmen
Q11989323,Midbrødøya
Q11989323,Midbrødøya
Q11990411,Måkeskjæret
Q11990411,Måseskjæret (holme)
Q11991716,Nord-Talgje
Q11991716,Nord-Talgje
Q11991923,Nordre Karlsøy
Q11998310,Rolvsøy (øy)
Q11998966,Røytinga
Q11998966,Røytinga
Q11999135,Category:Sakrisøy
Q11999135,Sakrisøy
Q11999135,Sakrisøy
Q11999135,Sakrisøy
Q11999135,Sakrisøy
Q11999467,Sandtorr
Q11999467,Sandtorv
Q11999467,Sandtorv
Q12000493,Siløya
Q12001027,Skjeggenesøya
Q12001176,Skorpo i Tysnes
Q12001176,Skorpo (Tysnes)
Q12001323,Skårøya
Q12002821,Stavernsøya (Larvik)
Q12003391,Store-Kalvøy
Q12003403,Store Råholmen
Q12003693,Strømøya
Q12004842,Sørdyrøya
Q12006479,Tjellholmen
Q12006501,Tjul
Q12006501,Tjul
Q12006519,Tjørnøya
Q12006519,Tjørnøya
Q12006567,Toftøy (Tysvær)
Q12006686,Tombøya
Q12008234,Udvåre
Q12008302,Ullerøya
Q12008365,Ulvsnesøy
Q12008365,Ulvsnesøy
Q12009100,Vasskalven
Q12010243,Vårøy
Q12011660,Åserøya
Q12027661,Kachní ostrov
Q12034070,Lubbers Quarters Cay
Q12048732,Category:Ragininkų sala
Q12048732,Ragininkų sala
Q12048732,Ragininkų sala
Q12049567,Rocky Island
Q12049567,Βραχονησίδα του κόλπου Φαούλ
Q12057041,Střelecký ostrov (Litoměřice)
Q12058970,Category:Tichý ostrov (Mikulov)
Q12058970,Tichý ostrov
Q12076775,Аделфопуло
Q12079680,Ауалі-Шеура
Q12080873,Beryer dili
Q12080873,Барьерная коса
Q12080873,Бар'єрна коса
Q12081654,"Безіменні (острови, Японське море)"
Q12082779,"Бичий (острів, Японське море)"
Q12088322,Великий Гранд-Кі
Q12088333,Великий Картерс-Кі
Q12088346,Великий Ромерс-Кі
Q12088348,Великий Сейл-Кі
Q12090383,Volnolomnı adası
Q12090383,Волноломный
Q12090383,Волноломний острів
Q12092834,Вхідні
Q12093780,Гад-Єром
Q12093783,Гад-Ху
Q12093974,Гайдуронісія
Q12095931,Гидір-ас-Але
Q12096461,Qolaya Kosa adası
Q12096461,Гола коса
Q12098084,Групер-Рокс
Q12098425,Гундікай (коса)
Q12099293,Дабл-Брестед-Кіс
Q12099576,Даррака-ель-Бахр
Q12099604,Дахрат-Сегала
Q12099605,Дахрат-Дульке
Q12100721,Джекс (Багамські Острови)
Q12102797,Дуль-Куруш
Q12102919,Дунішуб
Q12102954,Дуррум-Губла
Q12103323,Діфнейн
Q12103954,Ентерая
Q12103957,Ентесіле
Q12108295,Канделлай
Q12108353,Каогікайпу
Q12108999,Kasyan-Bettimete
Q12108999,Касьян-Беттимете
Q12108999,Касьян-Беттімете
Q12109551,Category:Kempa island
Q12109551,Кемпа
Q12110048,Кистєвий острів
Q12112608,Кончшелл-Кі
Q12113225,Коротка коса
Q12116341,Кьорсюсе-Кумага
Q12116342,Кьорсюсе-Арита
Q12116349,Kyuryur-Arı
Q12116349,Кюрюр-Ары
Q12116349,Кюрюр-Ари
Q12116743,Л'Іслет
Q12117802,Лехуса
Q12119254,Любичів
Q12120745,Малак (острів)
Q12120801,Малий Волкерс-Кі
Q12120803,Малий Гранд-Кі
Q12120808,Ostrov Malyy Zayatskiy
Q12120808,Mała Wyspa Zajęcza
Q12120808,Малий Заєцький
Q12120821,Малий Піджен
Q12120823,Малий Ромерс-Кі
Q12120827,Малий Сейл-Кі
Q12122038,Машилага
Q12130049,Моржева коса
Q12130759,Munasari adası
Q12130759,Мунасари
Q12130759,Мунасарі (Баренцеве море)
Q12130786,Муора-Бьолькьойо
Q12130858,Мустаміла
Q12132267,Накка (острів)
Q12135296,Одул
Q12135509,Окуоллах-Арита
Q12135532,Олд-Янкі-Кі
Q12135800,Ольоте-Арита
Q12136409,Ормінгеландет
Q12136768,Острови Астаф'єва
Q12136769,Острови Пахтусова (Японське море)
Q12136771,Острови Таранцева
Q12136812,Острів Ірецького
Q12136813,Острів Алексеєва
Q12136814,Острів Браузера
Q12136815,Острів Андрія
Q12136817,Острів Вальдта
Q12136818,Острів Віри
Q12136819,Острів Восьмого Березня
Q12136821,Острів Желтухіна
Q12136822,Острів Зустрічей
Q12136824,Острів Максимова
Q12136825,Острів Клерка
Q12136827,Острів Міхельсона
Q12136828,Острів Нікольського
Q12136829,Острів Павла
Q12136832,Острів Псів
Q12136835,Острів Тужливого Серця
Q12136836,Острів Трамбецького
Q12136840,Острів Черкавського
Q12137083,Оччугуй-Ари
Q12139020,Ostrov Parusnyy
Q12139020,Парусний
Q12139387,Пелеріса
Q12143215,Ostriv Pravednyy
Q12143215,Праведний
Q12143775,Прасон (Кіра-Паная)
Q12145479,Птичий (острів)
Q12145551,Ostrov Pulkorga
Q12145551,Пулкорга
Q12145851,Şimal adası (Pyotr adaları)
Q12145851,"Северный (остров, острова Петра)"
Q12145851,Північний острів (Острови Петра)
Q12147715,Рет (Сейшельські острови)
Q12149687,Рідж'юма
Q12149867,Річний (острів)
Q12150533,Санді-Кі (Гранд-Кі)
Q12151642,Сейль
Q12151646,Сейль-Бадіра (Умм-Алі)
Q12151648,Сейль-Бадіра (Харат)
Q12151650,Сейль-Вуста
Q12151651,Сейль-Саббаар
Q12151846,Сельденкелір-Ари
Q12152405,Серпастий острів
Q12152513,Сеш (острів)
Q12157595,Створний
Q12158344,Стрілечий (острови)
Q12159137,Сюгюлдьор-Арита
Q12159459,Ostrova Sennyye Ludy
Q12159459,Сінні Луди
Q12159529,Сіт-Даун-Кі
Q12159846,Таманно
Q12161847,Том-Браунс-Кі
Q12161926,Tonqolox-Byolkyoyo
Q12161926,Тонголох-Бёлькёё
Q12161926,Тонголох-Бьолькьойо
Q12161954,Топ-Кі
Q12161967,Топи
Q12163168,Тігян-Арита
Q12163169,Тігян-Беттіємете
Q12163250,Тісян-Бьолькьойдьорьо
Q12163581,Уйбакан-Пастах-Ари
Q12164421,Улахан-Ари-Бертіємете
Q12164557,Умм-Алькарат
Q12164560,Умм-Шора
Q12164827,Урунг-Хая-Арита
Q12165243,Фандіра-Вуста
Q12165249,Фантазія (острів)
Q12165556,Фелікс (Багамські Острови)
Q12165877,Фогельбруландет
Q12166760,Хаватіб
Q12166761,Хаватіб-Кебір
Q12166837,Хамед
Q12166894,Харитка-Бьолькьойо
Q12167078,Хахис-Бьолькьойо
Q12167405,Хобуох-Арита
Q12167413,Ховейт
Q12170421,Чокогор-Ари
Q12170853,Ostrov Churnavolok
Q12170853,Чурнаволок
Q12171003,Шаламай (острів)
Q12172165,"Шов-Сурі (Сейшельські острови, Мае)"
Q12191391,القطعاية البحرية
Q12191391,Guetaïet el Baharia
Q12191391,El Gataâya el Bahria
Q12204175,جاليطون
Q12204175,Galiton
Q12204909,جزيرة جبل كدمبل
Q12205380,جزيرة آمنة
Q12205403,جزيرة الديماس
Q12205403,El Jezira (pulo sa Tunisia)
Q12205412,جزيرة العمال (العبيد)
Q12205432,جزيرة بحارة
Q12205441,جزيرة جبل حسان
Q12258126,Isla Galera
Q12258126,Galera uhartea
Q12259172,Isla Hiru Kanale
Q12259172,Hirukanale
Q12265238,Isla Orenín
Q12266957,Isla Sandindere
Q12266957,Sandinderi
Q12267023,Isla Santiago Aurrea
Q12267023,Santiago Aurrea
Q12268437,Txurruta
Q12269473,Isla de Zuaza
Q12269473,Zuhatza uhartea
Q1228973,Pandur-sziget
Q1228973,"Category:Nagy-Pandúr Island, Baja"
Q1228973,Pandurski otok
Q1228973,Pandúr-sziget
Q1228973,Pandur-sziget
Q12291670,Птичи остров
Q12292683,Русалка (остров)
Q12302323,Askø (Søndersø)
Q12313089,Fruerø
Q12316725,Hestø
Q12318655,Isola Boschina
Q12321160,Kalveholm (Nysted Nor)
Q12323745,Langholms Trille
Q12324565,Lindø (Søndersø)
Q12327902,Munkeholm
Q12328019,Mågeøen (Mariager Fjord)
Q12328083,Møgelø
Q12329462,Nyland (Sydfynske Øhav)
Q12332646,Qeqertarsuatsiaq (Qeqertarsuatsiaat)
Q12335922,Skåneholm
Q12337231,Category:Stige Ø
Q12337231,Stige Ø
Q12337366,Store Skåne
Q12341630,Worsaaes Ø
Q12343348,Treskelbakkeholm
Q12368020,Kõvajalaid
Q12368020,Kõbajalaid
Q12368020,Kõbajalaid
Q12368020,Kõbajalaid
Q12374743,Saunasaar
Q12506682,Pulau Alalak
Q12506692,Pulau Bakut
Q12506782,Pulau Karaweira
Q12506791,Pulau Kelayan
Q12506805,Pulau Kuil
Q12506805,Pulo Kuil
Q12506814,Pulau Lancang Besar
Q12506814,Pulau Lancang Besar
Q12506816,Pulau Lari-Larian
Q12506823,Pulau Lereklerekan
Q12506847,Pulau Merbau (Bengkulu)
Q12506847,Pulo Merbau Bengkulu
Q12506856,Pulau Nipa
Q12506867,Pulau Panambulai
Q12506878,Pulau Pasi
Q12506878,Pulo Pasi
Q12506897,Pulau Rantauan Keliling
Q12506904,Pulau Salando
Q12506908,Pulau Salaut Besar
Q12506908,Pulo Salaut Besar
Q12506923,Pulau Satu
Q12506923,Pulo Satu
Q12506933,Pulau Senua
Q12506937,Pulau Sinyaunyau
Q12506943,Pulau Taimanu Kasengkaang
Q12506959,Pulau Tinabo
Q12506960,Pulau Tokong Belayar
Q12506961,Pulau Tokong Nanas
Q12506962,Pulau Tokong Malang Biru
Q12506967,Pulau Wunga
Q12549702,Ostrov Konëvskiy Oseredok
Q12549702,Коневски Осерёдок
Q12549702,Коневский осередок
Q12549702,Ostrov Konëvskiy Oseredok
Q12582592,갈마도
Q1259289,Tajnik (otok)
Q1259289,Tajnik (otok)
Q1259289,Tajnik (otok)
Q1259289,Тајник (острво)
Q12603159,수리봉
Q12627252,Otočić Arta Mala
Q12627252,Arta Mala
Q12627252,Arta Piccola
Q12627252,Arta Mala
Q12627252,Арта Мала
Q12627252,Otočić Arta Mala
Q12627616,Otočić Barbarinac
Q12627616,Category:Barbarinac
Q12627616,Barbarinac
Q12627616,Barbarinazza
Q12627616,Барбаринац
Q12627616,Otočić Barbarinac
Q12627961,Bisage
Q12627961,Bisage
Q12628362,Brguljski Otočić
Q12628362,Berguglie
Q12628362,Brguljski Otok
Q12628455,Otočić Bršćak
Q12628455,Bršćak
Q12628455,Bastiago
Q12628455,Bršćak
Q12628455,Otočić Bršćak
Q12631265,Fržital
Q12631265,Scoglio Santa Brigida
Q12631265,Fržital
Q12631342,Galija (otok)
Q12631342,Gallia (Brioni)
Q12631342,Galija (otok)
Q12631352,Galovac (Školji)
Q12631352,San Paolo (isola)
Q12631352,Galovac (Školji)
Q12631407,Otočić Gaz
Q12631407,Gaz (otok)
Q12631407,Gaza (Brioni)
Q12631407,Gaz
Q12631407,Otočić Gaz
Q12631593,"Otočić Golac (pulo sa Krowatiya, lat 44,19, long 14,85)"
Q12631593,Golac (Dugi Otok)
Q12631593,Nudo (isola)
Q12631593,Golac (Molat)
Q12631593,"Otočić Golac (ö i Kroatien, lat 44,19, long 14,85)"
Q12631689,Gornji Vlašnik
Q12631689,Gornji Vlašnik
Q12631828,Grbavac (otok)
Q12631828,Gherbavaz
Q12631828,Grbavac
Q12631893,Grunj
Q12631893,Gronghera
Q12631893,Grunj
Q12631894,Grujica
Q12631894,Scoglio Gruizza
Q12631894,Grujica
Q12631928,Gubavac Veli
Q12631928,Gubavac Veliki
Q12632424,Hrid Hripa
Q12632424,Creal
Q12632424,Hrid Hripa
Q12632425,Hrid Mali Goli (Goli otok)
Q12632425,Scoglio Nudo Piccolo
Q12632425,Hrid Mali Goli (Goli otok)
Q12632426,Hrid Masarine
Q12632426,Masarine
Q12632426,Hrid Masarine
Q12632428,Hrid Šestakovac
Q12632428,Hrid Šestakovac
Q12632429,Hrid Kurjak
Q12632429,Hrid Kurjak
Q12632429,Scoglio Lupo
Q12632429,Hrid Kurjak
Q12632429,Hrid Kurjak
Q12634159,Kamenjak 1 (Korčula)
Q12634159,Kamenjak 1 (Korčula)
Q12634160,Kamenjak 2 (Korčula)
Q12634160,Kamenjak 2 (Korčula)
Q12634168,Kamešnjak Mali
Q12634168,Kamešnjak Mali
Q12634169,Kamešnjak Veli
Q12634169,Kamešnjak Veliki
Q12634296,Katarina (otok)
Q12634296,Katarina (otok)
Q12634611,Otočić Knežak
Q12634611,Knežak
Q12634611,Isolotto del Conte (Eso)
Q12634611,Knežak (otok)
Q12634611,Otočić Knežak
Q12634693,Komorica (Zlarin)
Q12634693,Comorisco
Q12634693,Komorica
Q12634771,Kormati Mali
Q12634771,Kormat 1
Q12634787,Kosmač Veli
Q12634787,Kosmač Veliki
Q12634869,Krbela Mala
Q12634869,Krbela Mala
Q12634869,Крбела Мала
Q12635323,Arcipelago di Lagosta
Q12635455,Levan
Q12635455,Levan Grande
Q12635455,Levan
Q12635560,Lisac (otok)
Q12635560,Scoglio Gimignago
Q12635560,Lisac (otok)
Q12635881,Otočić Mag
Q12635881,Lukovac (Mag)
Q12635881,Lucovaz (Arbe)
Q12635881,Lukovac (Mag)
Q12635881,Otočić Mag
Q12635899,Otočić Lutrošnjak
Q12635899,Lutrošnjak (Strošnjak)
Q12635899,Lutestrago
Q12635899,Lutrošnjak (Strošnjak)
Q12635899,Otočić Lutrošnjak
Q12636071,Mala Kotula
Q12636071,Mala Kotula
Q12636072,Category:Mala Kneža
Q12636072,Mala Kneža
Q12636072,Mala Kneža
Q12636072,Мала Кнежа
Q12636074,Mala Sestrica (Rovinj)
Q12636074,Mala Sestrica (Rovinj)
Q12636135,Maman
Q12636135,Mamano
Q12636135,Mamon
Q12636440,Otočić Maslinovik
Q12636440,Maslinovik
Q12636440,Maslignago
Q12636440,Maslinovik
Q12636440,Маслиновик
Q12636440,Otočić Maslinovik
Q12636441,"Otočić Maslinjak (pulo sa Krowatiya, Zadarska Županija)"
Q12636441,Maslinjak (Ist)
Q12636441,Oliveto (isola)
Q12636441,Maslinjak (Ist)
Q12636441,"Otočić Maslinjak (ö i Kroatien, Zadars län)"
Q12636442,"Otočić Maslinjak (pulo sa Krowatiya, Šibensko-Kninska Županija, lat 43,84, long 15,56)"
Q12636442,Maslinjak (Murter)
Q12636442,Maslinjak (Radelj)
Q12636442,"Otočić Maslinjak (ö i Kroatien, Šibenik-Knins län, lat 43,84, long 15,56)"
Q12636444,Maslinovac (Dugi otok)
Q12636444,Oliveto (isola Lunga)
Q12636444,Maslinovac (Dugi Otok)
Q12637122,Otočić Mišjak
Q12637122,Mišjak
Q12637122,Isolotto dei Sorci (Pago)
Q12637122,Mišjak
Q12637122,Otočić Mišjak
Q12637123,"Otočić Mišnjak (pulo sa Krowatiya, Zadarska Županija, lat 44,03, long 15,26)"
Q12637123,Mišnjak (Ugljan)
Q12637123,Isolotto dei Sorci (Ugliano)
Q12637123,Mišnjak (Ugljan)
Q12637123,"Otočić Mišnjak (ö i Kroatien, Zadars län, lat 44,03, long 15,26)"
Q12637124,Mišnjak (Unije)
Q12637124,Isolotto dei Sorci (Unie)
Q12637124,Mišnjak (Unije)
Q12637413,Muljica Vela
Q12637413,Muljica Velika
Q12637436,Otočić Murtar
Q12637436,Murtar
Q12637436,Mortar
Q12637436,Murtar
Q12637436,Otočić Murtar
Q12638742,Obrovanj
Q12638742,Obrovanj
Q12638742,Обровањ
Q12638743,Otočić Obun
Q12638743,Obun
Q12638743,Obun
Q12638743,Obun
Q12638743,Обун
Q12638743,Otočić Obun
Q12639027,Otočić Oruda
Q12639027,Oruda
Q12639027,Oruda
Q12639027,Oruda
Q12639027,Otočić Oruda
Q12639083,Otoci Lukavci 1
Q12639083,Otoci Lukavci 1
Q12639087,Otoci Lukavci 2
Q12639087,Otoci Lukavci 2
Q12639090,Otočić Greben
Q12639090,Greben (Vis)
Q12639090,Pettine (isola)
Q12639090,Otok Greben
Q12639090,Otočić Greben
Q12639149,Ošljak Veli
Q12639149,Ošljak Veliki
Q12639150,Otočić Ošjak
Q12639150,Ošjak
Q12639150,Vesparo
Q12639150,Ošjak
Q12639150,Otočić Ošjak
Q12639848,Plitki Kukuljar (Vodnjak)
Q12639848,Plitki Kukuljar (Vodnjak)
Q12639865,Otočić Pločica
Q12639865,Pločica
Q12639865,Planchetta
Q12639865,Pločica (otok)
Q12639865,Otočić Pločica
Q12639887,Otočić Pod Kopište
Q12639887,Pod Kopište
Q12639887,Pod Kopište
Q12639887,Otočić Pod Kopište
Q12639947,Otočić Pohlib
Q12639947,Pohlib
Q12639947,Puschina
Q12639947,Pohlib
Q12639947,Otočić Pohlib
Q12640405,Prećski Školj
Q12640405,Priechi
Q12640405,Preč (otok)
Q12640456,Prišnjak (Murter)
Q12640456,Prišnjak (Murter)
Q12640459,Prišnjak Mali
Q12640459,Prišnjak Mali
Q12640737,Puh (otok)
Q12640737,Puh (otok)
Q12640778,Pusti Otočić
Q12640778,Madonna del deserto
Q12640778,Pusti Otok
Q12641090,Ražanac Mali (Zapadni Školj)
Q12641090,Ražanac Mali (Zapadni Školj)
Q12641284,Ričul
Q12641284,Ričul
Q12641457,Rudula
Q12641457,Rudula
Q12641477,Runjava Kotula
Q12641477,Runjava Kotula
Q12641498,Rutnjak
Q12641498,Rutnjak
Q12641499,Rutvenjak Veli
Q12641499,Rutvenjak Veliki
Q12641608,Salamun Veli
Q12641608,Salamun (otok)
Q12641893,Otočić Sedlo
Q12641893,Sedlo (otok)
Q12641893,Sella (isola)
Q12641893,Sedlo (otok)
Q12641893,Otočić Sedlo
Q12641985,Sorelle (Isto)
Q12641988,Category:Sestrica Mala (Obonjan)
Q12641988,Sestrica Mala
Q12641988,Sestrica Mala
Q12641989,"Otočić Sestrica Vela (pulo sa Krowatiya, Šibensko-Kninska Županija)"
Q12641989,Sestrica Vela
Q12641989,Sestrica Vela
Q12641989,"Otočić Sestrica Vela (ö i Kroatien, Šibenik-Knins län)"
Q12641993,Sestrice 2 (Ist)
Q12641993,Sestrice (Ist)
Q12642326,Smokvenjak
Q12642326,Smokvenjak
Q12642328,Smokvica (otok)
Q12642328,Smoquizza (isola)
Q12642328,Smokvica (otok)
Q12642395,Sokol (otok)
Q12642395,Sokol (otok)
Q12642497,Sparušnjak
Q12642497,Sparušnjak
Q12642588,Srednja Sestrica (Rivanj)
Q12642588,Srednja Sestrica (Rivanj)
Q12642595,Srednji Vlašnik
Q12642595,Srednji Vlašnik
Q12642616,Sridnjak (Rab)
Q12642616,Sridnjak (Rab)
Q12642758,Stipanac
Q12642758,Sustipanaz
Q12642758,Stipanac
Q12642917,Otočić Sturag
Q12642917,Sturag
Q12642917,Astorga (Croazia)
Q12642917,Sturag
Q12642917,Otočić Sturag
Q12642995,Supin (otok)
Q12642995,Zumpin grande
Q12642995,Supin
Q12643072,"Otočić Sveti Andrija (pulo sa Krowatiya, Istarska Županija, lat 44,88, long 13,83)"
Q12643072,Sveti Andrija (Pulski zaljev)
Q12643072,Scoglio Sant'Andrea (Pola)
Q12643072,Sveti Andrija (Pula)
Q12643072,Sveti Andrija (Puljski zaliv)
Q12643072,"Otočić Sveti Andrija (ö i Kroatien, Istrien, lat 44,88, long 13,83)"
Q12643082,Otočić Sveti Ivan
Q12643082,Sveti Ivan (otok)
Q12643082,San Giovanni (Rovigno)
Q12643082,Sveti Ivan (otok)
Q12643082,Otočić Sveti Ivan
Q12643085,Sveti Juraj (otok kod Vrsara)
Q12643085,San Giorgio (Orsera)
Q12643089,Sveti Jerolim (otok)
Q12643089,San Girolamo (Brioni)
Q12643089,Sv. Jerolim (otok)
Q12643089,Sveti Jerolim (otok)
Q12643274,Tajan Veli
Q12643274,Tajan Veliki
Q12643404,Tegina
Q12643404,Teglina
Q12643404,Tegina
Q12643404,Тегина
Q12643482,Otočić Tetovišnjak Mali
Q12643482,Tetovišnjak Mali
Q12643482,Tetovišnjak Mali
Q12643482,Otočić Tetovišnjak Mali
Q12643816,Tramerčica
Q12643816,Tramerca Piccolo
Q12643816,Tramerčica
Q12643831,Trasorka
Q12643831,Tasorta
Q12643831,Trasorka
Q12644022,Tužbina
Q12644022,Tužbina
Q12644135,Ula (Artica Mala)
Q12644135,Ula (Artica Mala)
Q12644486,Vela Sestrica (Rovinj)
Q12644486,Velika Sestrica (Rovinj)
Q12644491,Veli Otok
Q12644491,Veli Otok
Q12644493,Veli Lagan (Lagnići)
Q12644493,Veliki Lagan (Lagnići)
Q12644494,Otočić Planatak Veli
Q12644494,Veli Planatak
Q12644494,Veli Planatak
Q12644494,Otočić Planatak Veli
Q12644504,Velika Sestrica
Q12644504,Velika Sestrica
Q12644521,"Otočić Veliki Školj (pulo sa Krowatiya, Dubrovačko-Neretvanska Županija, lat 42,71, long 17,75)"
Q12644521,Veliki Školj (Mljet)
Q12644521,Cima di Meleda
Q12644521,Veliki Školj (Mljet)
Q12644521,"Otočić Veliki Školj (ö i Kroatien, Dubrovnik-Neretvas län, lat 42,71, long 17,75)"
Q12644687,Vinik Mali
Q12644687,Vinik Mali
Q12644687,Виник Мали
Q12644733,Visoki Kukuljar (Babuljak)
Q12644733,Visoki Kukuljar (Babuljak)
Q12644734,Visoki (Cres)
Q12644734,Scoglio Visochi
Q12644734,Visoki (Cres)
Q12644989,Vrsar (otok)
Q12644989,Orsera (Brioni)
Q12644989,Vrsar (otok)
Q12645471,Zabodaski
Q12645471,Scoglio Zabodaschi
Q12645471,Zabodaski
Q12645699,Zečevo (Krk)
Q12645699,Scoglio Zecia
Q12645699,Zečevo (Krk)
Q12645782,Zminjak (pulo)
Q12645782,Zminjak
Q12645782,Simignago
Q12645782,Zminjak
Q12645782,Zminjak (ö)
Q12645947,Otočić Čerigul
Q12645947,Čerigul
Q12645947,Čerigul
Q12645947,Otočić Čerigul
Q12646113,Šilo (otok)
Q12646113,Šilo
Q12646145,Školjić Veli
Q12646145,Školjić Veliki
Q12646146,Školjić (Vir)
Q12646146,Školjić (Vir)
Q12646148,Školjić (Iž)
Q12646148,Školjić (Iž)
Q12646234,Otočić Šćitna
Q12646234,Šćitna
Q12646234,Sitno (isola)
Q12646234,Šćitna
Q12646234,Otočić Šćitna
Q12666695,Category:Karmelitų sala
Q12666695,Nemuno sala
Q12713564,Audbø
Q12713564,Aubø
Q12713967,"Bærøya (pulo sa Noruwega, Nordland Fylke, Alstahaug)"
Q12713967,Bærøya
Q12714701,Fonno
Q12714701,Fodno
Q12715094,Gjervoldsøy
Q12715094,Gjervoldsøy
Q12715114,Golma
Q12715114,Golma
Q12718016,Risøya i Risør
Q12718429,Slapøya
Q12718676,Store Måsværet
Q12718676,Store Måsværet
Q12718859,Søndre Langåra
Q12718859,Søndre Langåra
Q12749624,Velika Sestrica
Q12749624,Velika Sestrica (Rivanj)
Q12749624,Вела Сестрица (Ривањ)
Q12749624,Velika Sestrica
Q12754262,Arcipelago di Cartolle
Q12754262,Кртољски архипелаг
Q12755818,Muntan
Q12755818,Muntan
Q12755818,Мунтан
Q12762341,Angaagaa
Q12762341,Angaagaa
Q12762341,Angaagaa
Q12763197,Biyaadhoo
Q12763197,Biyaadhoo
Q12763197,Bijádú
Q12772158,Maafushi (Dhaalu)
Q12772158,Maafushi (Dhaalu Atoll)
Q12772158,Máfusi (Dálu)
Q12772286,Naibukaloabodufushi
Q12772286,Naibukaloabodufushi
Q12772286,Naibukaloabodufusi
Q12775094,Rasfari
Q12775094,Rasfari
Q12775094,Rasfari
Q12786226,Borovnik (Sit)
Q12786226,Borovnik (Sit)
Q12786553,Brskvenjak
Q12786553,Brskvenjak
Q12786564,Otočić Brušnjak
Q12786564,Brušnjak (Sit)
Q12786564,Brisgnago
Q12786564,Brušnjak (Sit)
Q12786564,Otočić Brušnjak
Q12786613,Burnji Školj (Greben Školj)
Q12786613,Burnji Školj (Greben Školj)
Q12789987,Glurović
Q12789987,Glurović
Q12790552,Gusti Školj
Q12790552,Tondo Grande
Q12790552,Gusti Školj
Q12791115,Otočić Hrbošnjak
Q12791115,Hrbošnjak (Žirje)
Q12791115,Gerbosniac (Zuri)
Q12791115,Hrbošnjak (Žirje)
Q12791115,Otočić Hrbošnjak
Q12793897,Koludarc
Q12793897,Scoglio delle Monache
Q12793897,Koludarac
Q12793897,Колударц
Q12794312,Krbela Vela
Q12794312,Cherbela Grande
Q12794312,Krbela Vela
Q12795076,Category:Logorun
Q12795076,Logorun
Q12795076,Lucorano
Q12795076,Logorun
Q12795076,Логорун
Q12795340,Lukovac (Hvar)
Q12795340,Lukovac (Hvar)
Q12795363,Otočić Luški
Q12795363,Luški Otok
Q12795363,Santo Stefano (Isola Lunga)
Q12795363,Luški Otok
Q12795363,Otočić Luški
Q12796050,Maslinovac (Mljet)
Q12796050,Maslinovac (Mljet)
Q12797148,Otočić Murvenjak
Q12797148,Murvenjak
Q12797148,Morvegne
Q12797148,Murvenjak
Q12797148,Otočić Murvenjak
Q12798156,Otočac (otok)
Q12798156,Otočac (otok)
Q12798711,Petrovac (otok)
Q12798711,Petrovac (otok)
Q12798864,Piščena Vela
Q12798864,Piščena Veliki
Q12798870,Planac
Q12798870,Planac
Q12798888,Scoglio Grande (Meleda)
Q12798888,Planjak (Mljet)
Q12800726,Samunćel
Q12800726,Samuncel
Q12800726,Samunćel
Q12803070,Smokvica Vela
Q12803070,Smokvica Vela
Q12803070,Isolotti Smoquizza
Q12803070,Smokvica Vela
Q12803278,Srednji greben
Q12803278,Srednji greben
Q12803648,Stupa (otok)
Q12803648,Stupa
Q12803707,Sveta Katarina (Pašman)
Q12803707,Santa Caterina (Zaravecchia)
Q12803707,Sveta Katarina (Pašman)
Q12804351,"Otočić Tovarnjak (pulo sa Krowatiya, Šibensko-Kninska Županija)"
Q12804351,Tovarnjak (Žut)
Q12804351,Taverna (isola)
Q12804351,Tovarnjak (Žut)
Q12804351,"Otočić Tovarnjak (ö i Kroatien, Šibenik-Knins län)"
Q12804505,Tun Mali
Q12804505,Ton Piccolo
Q12804505,Tun Mali
Q12804505,Тун Мали
Q12805506,Veli Paranak
Q12805506,Veliki Paranak
Q12805530,"Otočić Veliki Školj (pulo sa Krowatiya, Istarska Županija)"
Q12805530,Veliki Školj (Funtana)
Q12805530,"Otočić Veliki Školj (ö i Kroatien, Istrien)"
Q12805594,Otočić Veruda
Q12805594,Veruda (otok)
Q12805594,Veruda
Q12805594,Veruda (otok)
Q12805594,Veruda
Q12805594,Otočić Veruda
Q12805612,Veštar
Q12805612,Veštar
Q12805612,Vestre
Q12805612,Вештар
Q12805612,Veštar
Q12805612,Veštar
Q12805767,Vinik Veliki
Q12805767,Vinik Veliki
Q12805767,Виник Велики
Q12805996,Vodenjak (Ist)
Q12805996,Vodegna
Q12805996,Vodenjak (Ist)
Q12806178,Vrhovnjaci
Q12806178,Lagostini Orientali
Q12806178,Vrhovnjaci
Q12806184,Otok Vrhovnjak
Q12806184,Vrhovnjak
Q12806184,Vrhovnjak
Q12806184,Otok Vrhovnjak
Q12806882,Otočić Veli Čutin
Q12806882,Ćutin Veli
Q12806882,Ćutin Veli
Q12806882,Otočić Veli Čutin
Q12807213,Školjić Mali
Q12807213,Školjić Mali
Q12872139,Άγιος Θεόδωρος Χάλκης
Q12872139,Ágios Theódoros (saari)
Q12872148,Άγιος Ιωάννης Αίγινας
Q12872148,Ágios Ioánnis (saari)
Q12872369,Άσπρο Σύρου
Q12872369,Аспро
Q12873706,Ανθρωποφάς Φούρνων
Q12873706,Anthropofás
Q12873946,Αργελούσσα Αρκών
Q12873946,Argeloússa
Q12874115,Ασκανιά Θήρας
Q12874115,Askaniá
Q12874115,Askania
Q12874115,Аскания (Тира)
Q12876446,Δορούσα Αγκιστρίου
Q12876446,Доруса
Q12880156,Λεχούσα Αλοννήσου
Q12880156,Lechoúsa
Q12880600,Category:Makares Nisia
Q12880600,Μακάρες
Q12880600,Makáres
Q12880628,Μακρύ Ρόδου
Q12880628,Makrý
Q12881153,Μονή Αίγινας
Q12881153,Moní (saari)
Q12881395,Μόδι Πόρου
Q12881442,Νάτα Σύρου
Q12881442,Ната
Q12881687,Νερά Καλύμνου
Q12881687,Nerá (Kálymnos)
Q12881981,Ντολμάς Αιτωλοακαρνανίας
Q12881981,Долмас
Q12883511,Πλατειά Αργολίδας
Q12883511,Plateiá
Q12883511,Платия
Q12883525,Πλατύ Σκύρου
Q12883525,Platý
Q12883673,Πράσσο Σκάντζουρας Αλοννήσου
Q12883673,Prásso (Skántzoura)
Q12884220,Ρόμβη Αργολίδας
Q12884220,Rómvi
Q12884220,Romvi
Q12884220,Ромви
Q12884592,Σπάρτη Λευκάδας
Q12884592,Spárti (saari)
Q12885469,Τραγονήσι Μυκόνου
Q12885469,Tragonísi (Kykladit)
Q12885469,Трагониси (Миконос)
Q12885473,Τραγονήσι Πάτμου
Q12885473,Tragonísi (Dodekanesia)
Q12885473,Трагониси (Патмос)
Q12886299,Ψηλή Αργολίδας
Q12886299,Psilí
Q12886299,Ипсили (Арголида)
Q13029264,Востраў Кахання
Q13096274,Pulau Dolangan
Q13096274,Pulo Dolangan
Q13154823,Matacawa Levu Island
Q13154823,Matacawa Levu
Q13154823,Matacawa Levu Island
Q13402254,Gaadhiffushi (Dhaalu)
Q13402254,Gaadhiffushi (Dhaalu-atol)
Q13402254,Gádiffusi (Dálu)
Q13427664,Aakiraahuttaa
Q13429181,Aloofushi
Q13429181,Aluvifushi
Q13433333,Badidhiffusheefinolhu
Q13433333,Badidhiffusheefinolhu
Q13475746,Category:Isola della Pescheria (Treviso)
Q13475746,Isola della Pescheria
Q13536982,Марта-Марґаріта (остров)
Q13567368,Otočić Uljanik
Q13567368,Uljanik (otok)
Q13567368,Scoglio Olivi
Q13567368,Uljanik (otok)
Q13567368,Uljanik (otok)
Q13567368,Уљаник (острво)
Q13567368,Otočić Uljanik
Q13633638,Fenmeerufushi
Q13633638,Fenmeerufushi
Q13638708,Gaathurehaa
Q13638708,Gaathure
Q13668076,Ostrov Talabsk
Q13668076,Талабск
Q13668076,Талапск
Q13668079,"Ostrov Verkhniy (pulo sa Rusya, Pskovskaya Oblast')"
Q13668079,"Верхний (остров, Псковское озеро)"
Q13668079,Верхњи (острво у Псковском језеру)
Q13668082,Семский
Q13668084,Коломцы (остров)
Q13668086,Škol'nyj
Q13668086,Школьный (остров)
Q13668086,Шкољни (Виборшки залив)
Q13668088,Reçnoy adası
Q13668088,Rečnoj
Q13668088,Остров Речной (Приморский край)
Q13668094,Каменный остров (Кубенское озеро)
Q13668096,Nuneanqan
Q13668096,Nunėangan
Q13668096,Нунэанган
Q13668099,Isola di Želtuchin
Q13668099,Остров Желтухина
Q13746168,Kudadhoo (Thaa)
Q13746168,Kudadhoo (Thaa-atol)
Q13746180,Kudhélifadhoo
Q13746314,Kurkkiosaari (Kalixrivier)
Q13746371,Kuusisaari (Junosuando)
Q13750285,Lhavaddoo
Q13750285,Lhavaddoo
Q13751519,Lifadhoo
Q13798347,Maausfushi
Q13798347,Maausfushi
Q13809456,Makkarasaari
Q13810432,Mallaaréhaa
Q13823784,Medhadhihuraa
Q13823784,Medhadihuraa
Q13823792,Medhugiri
Q13823792,Medhugiri
Q13824089,Meehunthibenehuttaa
Q13894973,Neupalaören
Q1402179,Illa del Català
Q1402179,Category:Scoglio del Catalano
Q1402179,Escollo del Catalán
Q1402179,Rocher du Catalan
Q1402179,Scoglio del Catalano
Q1402179,Su Cadalanu
Q14102333,Pikkumatala
Q14229119,Pulau Gundul
Q14229119,Pulau Gundul
Q14251161,Raggadu
Q14251161,Raggadu
Q14258243,Revonniemi
Q14339804,Nisís Koméno
Q14339804,Κομμένο Σύρου
Q14339804,Nisís Koméno
Q14381508,Starrholmen
Q14405597,Storsanden
Q14431463,Alvøyna i Sund kommune
Q14431463,Alvøyna (Sund)
Q14437431,Nord-Hidle
Q14437431,Nord-Hidle
Q14437431,Nord-Hidle
Q14437431,Nord-Hidle
Q14437796,Syniholmen
Q14487869,Thilamaafushi
Q14487869,Thilamaafushi
Q14512443,Vairéyaadhoo
Q14517086,Vážosuolo
Q14530251,Ängesön (Kalix)
Q14530278,Örama
Q1454858,Света Мария (остров)
Q1454858,Category:Monastery of Saint Mary (Mljet)
Q1454858,Sveta Marija (otočić)
Q1454858,Santa Maria di Meleda
Q1454858,Света Марија (остров)
Q1454858,Otočić Sveta Marija
Q1454858,Sveta Marija (otok)
Q1454858,Острвце Света Марија
Q14623269,Nisís Prasoúdhi (pulo sa Gresya)
Q14623269,Πρασούδι Φωκίδος
Q14623269,Nisís Prasoúdhi (ö i Grekland)
Q1466957,Category:Zebegényi-sziget
Q1466957,Zebegényi-sziget
Q14698093,Borovnik (Murter)
Q14698093,Boronigo (Morter)
Q14698093,Borovnik (Murter)
Q14698826,Galijola
Q14698826,Galiola
Q14698826,Galijola
Q14698826,Galijola
Q14698882,Galun
Q14698882,Scoglio Gallon
Q14698882,Galun (otok)
Q14698949,Glavat (Lastovo)
Q14698949,Glavat (Lastovo)
Q14698982,Golubinjak Veli
Q14698982,Golubinjak Veliki
Q14699150,Mišar
Q14699150,Hrid Mišar
Q14699152,Pregaznik
Q14699152,Hrid Pregaznik
Q14699154,Hrid Stolac
Q14699154,Hrid Stolac
Q14699469,Kormati Veli
Q14699469,Kormat 2
Q14699779,"Otočić Maslinjak (pulo sa Krowatiya, Šibensko-Kninska Županija, lat 43,77, long 15,68)"
Q14699779,Maslinjak 1
Q14699779,Oliveto (Morter)
Q14699779,Maslinjak (Murter)
Q14699779,"Otočić Maslinjak (ö i Kroatien, Šibenik-Knins län, lat 43,77, long 15,68)"
Q14700313,Palacol
Q14700313,Palazziol Piccolo
Q14700313,Palacol
Q14700626,Otočić Pulari
Q14700626,Pulari
Q14700626,Scoglio Polari
Q14700626,Pulari
Q14700626,Otočić Pulari
Q14701141,"Otočić Smokvica Mala (pulo sa Krowatiya, lat 43,53, long 15,95)"
Q14701141,Smokvica Mala
Q14701141,Smokvica Mala
Q14701141,"Otočić Smokvica Mala (ö i Kroatien, lat 43,53, long 15,95)"
Q14701240,Sridnji Otok
Q14701240,Sridnji Otok
Q14701402,Otočić Tetovišnjak Veli
Q14701402,Tetovišnjak Veliki
Q14701402,Tetovišnjak Veliki
Q14701402,Otočić Tetovišnjak Veli
Q14701403,Tomešnjak
Q14701403,Tomešnjak (Gaćinov Školj)
Q14701407,Veli Paržanj
Q14701407,Veliki Paržanj
Q14701408,Velika Kotula
Q14701408,Velika Kotula
Q14701417,Zapadni greben
Q14701417,Zapadni greben
Q14701429,Črnikovac
Q14701429,Cernicova
Q14701429,Črnikovac
Q14701431,Šailovac
Q14701431,Šailovac
Q14701436,Šip (otok)
Q14701436,Scoglio Sib
Q14701436,Šip
Q14701438,Školjić (Murter)
Q14701438,Školjić (Murter)
Q14701439,Škrovada
Q14701439,Škrovada
Q14852101,Ko Usen
Q14917428,Pulau Bakau
Q14917428,Pulo Bakau
Q14917429,Pulau Gersik
Q14917429,Pulo Gersik
Q14917429,Pulau Gresik
Q14954759,Hanerahu (Jausa laht)
Q14954759,Hanerahu (Jausa laht)
Q14955767,Sääri
Q14955767,Sääri
Q14956319,Väikesaar (Narva jõgi)
Q15069784,Bogildo
Q15069784,Bogildo
Q15070045,Isola De Pinedo
Q15070110,Isole di Pachtusov (Mar del Giappone)
Q15070128,Isolotto della Scarpa
Q15070135,Isola di Ortano
Q15070141,Isola Corbella
Q15070147,Isola della Peraiola
Q15070147,La Praiola
Q15070147,Isola della Peraiola
Q15070147,La Praiola
Q15072272,Διδύμη Σύρου
Q15072289,"Nisís Strongiló (pulo sa Gresya, lat 37,43, long 24,98)"
Q15072289,Category:Stroggylo Syrou
Q15072289,Στρογγυλό Ερμούπολης Σύρου
Q15072289,"Nisís Strongiló (ö i Grekland, lat 37,43, long 24,98)"
Q15078028,Αρχάγγελος Λέρου
Q15078028,Archángelos (saari)
Q15078173,Πλάτη Καλύμνου
Q15078173,Pláti
Q15078173,Pláti Psérimou
Q15078174,Πρασούδα Τήλου
Q15078192,Στρογγυλό Ρόδου
Q15080507,Bjerkøy (Færder)
Q15080507,Bjerkøy (Nøtterøy)
Q15088295,Storsanden (pulo)
Q15088295,Storsanden (Maalahti)
Q15088295,Storsanden
Q15118880,Kandholhudhoo (Alif Alif)
Q15118880,Kandholhudhoo (Ari)
Q15119080,Nisís Ayía Marianí
Q15119080,Αγία Μαριανή Μεσσηνίας
Q15119080,Айия-Мариани
Q15119080,Nisís Ayía Marianí
Q15121712,Madoogali
Q15121712,Madoogali
Q15155748,Blowing Rock (Anguilla)
Q15158619,Bush Cay
Q15176531,Σκουλονήσι Δονούσας
Q15176531,Скилонисио
Q15176535,Μοσχονάς Δονούσας
Q15176539,Πρασίνη Μακάρων
Q15176539,Agía Paraskeví (saari)
Q15219670,Rutku sala
Q1527749,Oktyabryat adaları
Q1527749,Isole Oktjabrjata
Q1527749,Острова Октябрята
Q1527749,Октябрята
Q1527749,十月黨群島
Q1527758,Koburq (ada)
Q1527758,Île Coburg (Russie)
Q1527758,Isola di Coburg
Q1527758,コブルグ島
Q1527758,Кобург (остров)
Q1527758,Кобург (острів)
Q1527758,科堡島
Q1527767,Çiçaqov adaları
Q1527767,Isole di Čičagov
Q1527767,Острова Чичагова
Q1527767,Острови Чичагова
Q1527767,奇恰戈夫群島
Q1527774,Lesqaft rifi
Q1527774,Scogli di Lesgaft
Q1527774,Рифы Лесгафта
Q1527774,Рифи Лесгафта
Q1527774,列斯加夫特群礁
Q1527781,Pontremoli adaları
Q1527781,Isole di Pontremoli
Q1527781,Острова Понтремоли
Q1527781,Понтремолі (острови)
Q1527781,蓬特雷莫利群島
Q1527786,Torup adası
Q1527786,Île Torup
Q1527786,Isola di Torup
Q1527786,Остров Торупа
Q1527786,Острів Торупа
Q1527786,托魯普島
Q1528180,Solovyov adası
Q1528180,Isola di Solovyov
Q1528180,Остров Соловьёва
Q1528180,Острів Соловйова
Q1528180,索洛維約夫島
Q15622551,Category:Foldøy
Q15622551,Foldøy
Q15622551,Foldøy
Q15622551,Foldøy
Q1564144,Otočić Arkanđel
Q1564144,Arkanđel (otok)
Q1564144,Sant'Arcangelo (isola)
Q1564144,Arkanđel (otok)
Q1564144,Arkanđel
Q1564144,Otočić Arkanđel
Q1582425,Milovzorov rifi
Q1582425,Scogli di Milovzorov
Q1582425,Рифы Миловзорова
Q1582425,Рифи Міловзорова
Q1582425,米洛夫佐羅夫群礁
Q1582439,Stoliçka adası
Q1582439,Stolička (ostrov)
Q1582439,Isola di Stolička
Q1582439,ストリチキ島
Q1582439,Столичка (остров)
Q1582439,Столічка (острів)
Q1582439,斯托利奇卡島
Q1582817,Apollonov adası
Q1582817,Isola di Apollo
Q1582817,アポロノフ島
Q1582817,Остров Аполлонова
Q1582817,Острів Аполлонова
Q1582831,Aleksandr adaları
Q1582831,Isole di Alexander
Q1582831,Ilhas Alexandre
Q1582831,Острова Александра
Q1582831,Острови Александра
Q1582831,亞歷山大群島 (俄羅斯)
Q1582854,Miriam adaları
Q1582854,Ostrova Miriam
Q1582854,Isole di Miriam
Q1582854,Острова Мириам
Q1582854,Острови Міріам
Q1582854,米里厄姆群島
Q1582867,İvanov adası
Q1582867,Isola di Ivanov
Q1582867,Остров Иванова
Q1582867,Острів Іванова
Q1582867,伊萬諾夫島
Q15914203,Chibi Dao
Q15914203,Chibi Dao
Q15914203,赤头岛
Q15914839,海龟岛
Q15914850,赤背东岛
Q15915094,海星岛
Q15915516,小赤尾岛
Q15915542,赤背西岛
Q15915739,鸟卵岛
Q15915768,赤背南岛
Q15915985,小鸟岛
Q15916001,鸟巢岛
Q15916180,大金龟子岛
Q15916253,小珠岛
Q15916254,大珠岛
Q15916285,小金龟子岛
Q15916297,东牛角岛
Q15916298,西牛角岛
Q15916369,黄牛岛
Q15916370,卧蚕岛
Q15916387,牛尾岛
Q15916410,牛蹄岛
Q15916434,刺猬岛
Q15916435,燕子岛
Q15916437,大雁岛
Q15916438,小龙岛
Q15916508,海贝岛
Q15923957,元宝岛
Q15924538,北屿仔岛
Q15925270,小元宝岛
Q15931380,Baisha Dao (pulo sa Republika sa Tsina)
Q15931380,白沙島
Q15931380,白沙島 (澎湖)
Q15934190,长洲岛 (梧州)
Q15935967,达濠岛
Q15940637,Đá Cỏ My
Q15940637,礼乐南滩
Q15941122,石城岛
Q15950153,Açinkinkan adası
Q15950153,Ačinkinkan
Q15950153,Atsjinkinkan
Q15950153,Ачинкинкан
Q15956008,Merkinkan adası
Q15956008,Merkinkan
Q15956008,Merkinkan
Q15956008,Меркинкан
Q16020900,Île Agnes
Q16040133,Îlet Sainte-Marie
Q16040133,Islote Sainte-Marie (Martinica)
Q16040133,Îlet Sainte-Marie
Q16040133,Îlet Sainte-Marie
Q16040608,Little Island (Anguilla)
Q16040612,Little Scrub (Anguilla)
Q16040912,Prickly Pear Cay East
Q16040912,Пріклі-Пеар-Кей-Іст
Q16040915,Prickly Pear Cay West
Q16040915,Пріклі-Пеар-Кей-Вест
Q16041139,South Wager Island
Q16041280,West Cay (Anguilla)
Q16078421,"Dengbu Dao (pulo sa Pangmasang Republika sa Tśina, lat 29,87, long 122,30)"
Q16078421,Dengbu Dao
Q16078421,登步岛
Q16110975,Ljutac
Q16110975,Luttaz
Q16110975,Ljutac
Q16113645,"Otočić Sveta Katarina (pulo sa Krowatiya, lat 44,87, long 13,82)"
Q16113645,Sveta Katarina (Pulski zaljev)
Q16113645,Scoglio Santa Caterina (Pola)
Q16113645,Sveta Katarina (Pulski zaljev)
Q16113645,"Otočić Sveta Katarina (ö i Kroatien, lat 44,87, long 13,82)"
Q16123279,جزيرة دمسك
Q16123286,جزيرة دوشك
Q16123305,جزيرة زفاف
Q16123353,جزيرة كيرة
Q16167409,상방고도
Q16189620,중갈매기섬
Q16189685,중방고도
Q16191902,하방고도
Q16219745,ファチャン島
Q16219745,곳도
Q16327285,Άγιος Γεώργιος Σκοπέλου
Q16327285,Ágios Geórgios (Sporadit)
Q16327444,Άγιος Σώστης Αιτωλοακαρνανίας
Q16330247,Καυκαλίδα Ηλείας
Q16330247,Кафкалида
Q16330941,Οφιδούσσα Αστυπάλαιας
Q16330941,Ofidoússa
Q16330941,Ofidoússa
Q16331593,Τραγονήσι Αίγινας
Q16331593,Трагониси (Эгина)
Q16331936,Nisís Vriokastráki
Q16331936,Category:Vryokastri (Kythnos)
Q16331936,Βρυοκαστράκι Κύθνου
Q16331936,Nisís Vriokastráki
Q16410496,Kerju
Q16410496,Kirjurahu
Q16410496,Kerju
Q16410496,Kirjurahu
Q16412620,Laiamaa
Q16412620,Laimadal
Q16443761,Antakščių sala
Q16445293,Baluošo Ilgasalė
Q16445734,Beržoro ežero sala
Q16450928,Gaidsalė
Q16452799,Ilgio ežero salos
Q16456373,Kiemo sala
Q16457216,Kubilių sala
Q16468226,Čemeivytegartynup
Q16469219,Isola Engalyčeva
Q16469674,Pilies sala
Q16469757,Platelių ežero salos
Q16469801,Pliksalė
Q16474495,Ubagsalė
Q16478467,Šončelio sala
Q16502632,"Björkskär (pulo sa Sweden, Östergötlands Län)"
Q16502632,"Björkskär, Östergötland"
Q16504024,"Boskär (pulo sa Sweden, Kalmar, lat 57,48, long 16,75)"
Q16504024,"Boskär, Oskarshamns kommun"
Q16505236,"Brattön (pulo sa Suwesya, lat 57,92, long 11,73)"
Q16505236,Brattön
Q16507754,Donna Cay
Q16507754,Donna Cay
Q16507815,East Cay (îles Turks)
Q16507889,Fish Cays
Q16507947,French Cay
Q16508098,Gibbs Cay
Q16508312,Île Carlos III
Q16508334,Iguana Cay
Q16508335,Île Calista
Q16508337,Île Cochon
Q16508348,Île Waterman
Q16508374,Joe Grant’s Cay
Q16508375,Indian Cay
Q16508670,Long Cay (îles Caïcos)
Q16508671,Little Water Cay
Q16508673,Long Cay (îles Turks)
Q16508935,Mangrove Cay (îles Caïcos)
Q16508940,McCartney Cay
Q16509239,Middle Creek Cay
Q16509239,Middle Creek Cay
Q16509242,Middleton Cay
Q16509242,Middleton Cay
Q16510063,Pear Cay
Q16510278,Plandon Cay
Q16510278,Plandon Cay
Q16510672,Round Cay
Q16511353,Six Hills Cay
Q16511752,White Cay
Q16523350,Μετώπη (νησίδα)
Q16523372,Nisída Tríkkeri
Q16523372,Τρικέρι Ύδρας
Q16523372,Tríkeri (saari)
Q16523372,Nisída Tríkkeri
Q1653416,Uqolnoy Kopi adası
Q1653416,Ostrov Ugol'noy Kopi
Q1653416,Isola di Ugol'noj Kopi
Q1653416,ウガリナイ・コピ島
Q1653416,Остров Угольной Копи
Q1653416,Острів Вугільної Копі
Q1653416,烏戈利內耶科皮島
Q16555165,Danaguán
Q16555194,Faraglione dell'isola del Giglio
Q16556881,Formiche della Zanca
Q16556884,Formiche di Capraia
Q16566529,Isola Ornočka
Q16566535,Dobržanskij
Q16566546,Isole Zeleneckie
Q16566550,Isole Šel'pinskie
Q16579236,Molucche meridionali
Q16579996,Isla Redonda (Archipiélago das Graças)
Q16580117,Islas Moleques del Sur
Q16615521,Panag
Q16617681,Tri Brata (Sachalin)
Q16624071,Šestakovskij
Q16629370,Васильевский остров (Харьков)
Q16629370,Василівський острів (Харків)
Q16631650,Вольный остров (присоединён к Гутуевскому острову)
Q16637667,Ostrov Golodnyy
Q16637667,Голодный (остров)
Q16641113,Qırınveler adası
Q16641113,Гырынвелер
Q16653620,Заячий остров (Челябинск)
Q16654739,Иван-Баба
Q16654892,Ивановский остров
